model,test_loss,accuracy,precision,recall,f1,params
BiLSTM,0.3389502974351247,0.896,0.877025738798856,0.9209209209209209,0.8984375,10310145
BiGRU,0.33851416762669884,0.8923333333333333,0.9007841800204569,0.8815482148815482,0.89106239460371,9652737
CNN-BiLSTM,0.3169157430330912,0.8823333333333333,0.875696949819613,0.8908908908908909,0.8832285808799206,9192193
